"country","city","airport","iso"
"Democratic Republic of the Congo","Goma","Goma International Airport","GOM"
"Democratic Republic of the Congo","Kinshasa","N'djili Airport","FIH"
"Democratic Republic of the Congo","Kisangani","Bangoka International Airport","FKI"
"Democratic Republic of the Congo","Lubumbashi","Lubumbashi International Airport","FBM"
"Congo","Brazzaville","Maya-Maya Airport","BZV"
"Congo","Pointe-Noire","Pointe Noire Airport","PNR"
"Equatorial Guinea","Malabo","Malabo International Airport","SSG"
"Gabon","Franceville","M'Vengue El Hadj Omar Bongo Ondimba International Airport","MVB"
"Gabon","Libreville","Leon M'ba International Airport","LBV"
"Gabon","Port-Gentil","Port-Gentil International Airport","POG"
"Burundi","Bujumbura","Bujumbura International Airport","BJM"
"Comoros","Moroni","Prince Said Ibrahim International Airport","HAH"
"Kenya","Eldoret","Eldoret International Airport","EDL"
"Kenya","Mombasa","Moi International Airport","MBA"
"Kenya","Kisumu","Kisumu International Airport","KIS"
"Kenya","Nairobi","Jomo Kenyatta International Airport","NBO"
"Mauritius","Plaine Magnien","Sir Seewoosagur Ramgoolam International Airport","MRU"
"Rwanda","Kigali","Kigali International Airport","KGL"
"Seychelles","Victoria","Seychelles International Airport","SEZ"
"South Sudan","Juba","Juba International Airport","JUB"
"United Republic of Tanzania","Dar es Salaam","Julius Nyerere International Airport","DAR"
"United Republic of Tanzania","Hai District","Kilimanjaro International Airport","JRO"
"United Republic of Tanzania","Unguja, Zanzibar","Abeid Amani Karume International Airport","ZNZ"
"Uganda","Entebbe","Entebbe International Airport","EBB"
"Djibouti","Djibouti","Djibouti-Ambouli International Airport","JIB"
"Eritrea","Asmara","Asmara International Airport","ASM"
"Ethiopia","Addis Ababa","Addis Ababa Bole International Airport","ADD"
"Ethiopia","Dire Dawa","Aba Tenna Dejazmach Yilma International Airport","DIR"
"Somalia","Boosaaso","Bender Qassim International Airport","BSA"
"Somalia","Gaalkacyo","Abdullahi Yusuf International Airport","GBY"
"Somalia","Garowe","Garowe International Airport","GGR"
"Somalia","Hargeisa","Hargeisa International Airport","HGA"
"Somalia","Kismaayo","Kismayo Airport","KMU"
"Somalia","Mogadishu","Aden Adde International Airport","MGQ"
"Algeria","Adrar","Touat-Cheikh Sidi Mohamed Belkebir Airport","AZR"
"Algeria","Algiers","Houari Boumedienne Airport","ALG"
"Algeria","Annaba","Rabah Bitat Airport","AAE"
"Algeria","Batna","Batna Airport","BLJ"
"Algeria","Bejaia","Soummam Airport","BJA"
"Algeria","Oumache","Biskra Airport","BSK"
"Algeria","Chlef","Chlef International Airport","CFK"
"Algeria","Constantine","Mohamed Boudiaf Airport","CZL"
"Algeria","Hassi Messaoud","Oued Irara Airport","HME"
"Algeria","Jijel","Jijel Ferhat Abbas Airport","GJL"
"Algeria","Oran","Oran Es Senia Airport","ORN"
"Algeria","Tamanrasset","Tamanrasset Airport","TMR"
"Algeria","Tlimcen","Zenata Airport","TLM"
"Chad","Ndjamena","N'Djamena International Airport","NDJ"
"Egypt","Alexandria","Borg El Arab Airport","HBE"
"Egypt","Alexandria","Alexandria International Airport","ALY"
"Egypt","Asyut","Assiut Airport","ATZ"
"Egypt","Aswan","Aswan International Airport","ASW"
"Egypt","Cairo","Cairo International Airport","CAI"
"Egypt","El Arish","El Arish International Airport","AAC"
"Egypt","El Dabaa","Al Alamain International Airport","DBB"
"Egypt","Hurghada","Hurghada International Airport","HRG"
"Egypt","Luxor","Luxor International Airport","LXR"
"Egypt","Marsa Alam","Marsa Alam International Airport","RMF"
"Egypt","Matruh","Mersa Matruh Airport","MUH"
"Egypt","Saint Catherine","St. Catherine International Airport","SKV"
"Egypt","Sharm el-Sheikh","Sharm el-Sheikh International Airport","SSH"
"Egypt","Sohag","Sohag International Airport","HMB"
"Egypt","Taba","Taba International Airport","TCP"
"Libya","Banghazi","Benina International Airport","BEN"
"Libya","Sabha","Sebha Airport","SEB"
"Libya","Tripoli","Tripoli International Airport","TIP"
"Libya","Tajoura","Mitiga International Airport","MJI"
"Morocco","Agadir","Al Massira Airport","AGA"
"Morocco","Casablanca","Mohammed V International Airport","CMN"
"Morocco","Marrakesh","Marrakech-Menara Airport","RAK"
"Morocco","Nador","Nador International Airport","NDR"
"Morocco","Oujda","Angads Airport","OUD"
"Morocco","Tangier","Tangier-Boukhalef Airport","TNG"
"Morocco","Tetouan","Sania Ramel Airport","TTU"
"Morocco","Ad Dakhla","Dakhla Airport","VIL"
"Sudan","Khartoum","Khartoum International Airport","KRT"
"Sudan","Port Sudan","Port Sudan New International Airport","PZU"
"Tunisia","Djerba","Zarzis Airport","DJE"
"Tunisia","Enfidha","Enfidha-Hammamet International Airport","NBE"
"Tunisia","Monasir","Habib Bourguiba International Airport","MIR"
"Tunisia","Sfax","Thyna International Airport","SFA"
"Tunisia","Tabarka","7 Novembre International Airport","TBJ"
"Tunisia","Tozeur","Nefta International Airport","TOE"
"Tunisia","Tunis","Carthage International Airport","TUN"
"Angola","Luanda","Quatro de Fevereiro Airport","LAD"
"Angola","Lubango","Lubango Airport","SSD"
"Botswana","Gaborone","Sir Seretse Khama International Airport","GBE"
"Botswana","Maun","Maun Airport","MUB"
"Botswana","Francistown","Francistown Airport","FRW"
"Botswana","Kasane","Kasane Airport","BBK"
"Lesotho","Maseru","Moshoeshoe I International Airport","MSU"
"Madagascar","Antananarivo","Ivato International Airport","TNR"
"Madagascar","Antsiranana","Arrachart Airport","DIE"
"Madagascar","Mahajanga","Amborovy Airport","MJN"
"Madagascar","Nosy Be","Fascene Airport","NOS"
"Madagascar","Toamasina","Toamasina Airport","TMM"
"Madagascar","Toliara","Toliara Airport","TLE"
"Malawi","Blantyre","Chileka International Airport","BLZ"
"Malawi","Lilongwe","Lilongwe International Airport","LLW"
"Mayotte","Dzaoudzi","Dzaoudzi Pamandzi International Airport","DZA"
"Mozambique","Maputo","Maputo International Airport","MPM"
"Mozambique","Beira","Beira Airport","BEW"
"Mozambique","Inhambane","Inhambane Airport","INH"
"Mozambique","Nampula","Nampula Airport","APL"
"Mozambique","Pemba","Pemba Airport","POL"
"Mozambique","Tete","Chingozi Airport","TET"
"Mozambique","Vilankulo","Vilankulo Airport","VNX"
"Namibia","Windhoek","Windhoek Hosea Kutako International Airport","WDH"
"Namibia","Walvis Bay","Walvis Bay Airport","WVB"
"South Africa","Cape Town","Cape Town International Airport","CPT"
"South Africa","Durban","King Shaka International Airport","DUR"
"South Africa","Kempton Park","OR Tambo International Airport","KMP"
"South Africa","Nelspruit","Kruger Mpumalanga International Airport","MQP"
"South Africa","Johannesburg","O.R.Tambo International Airport","JNB"
"South Africa","Johannesburg","Lanseria International Airport","HLA"
"Swaziland","Manzini","King Mswati III International Airport","SHO"
"Zambia","Livingstone","Harry Mwanga Nkumbula International Airport","LVI"
"Zambia","Lusaka","Kenneth Kaunda International Airport","LUN"
"Zambia","Ndola","Simon Mwansa Kapwepwe Airport","NLA"
"Zimbabwe","Harare","Harare International Airport","HRE"
"Zimbabwe","Victoria Falls","Victoria Falls Airport","VFA"
"Zimbabwe","Bulawayo","Joshua Mqabuko Nkomo International Airport","BUQ"
"Benin","Cotonou","Cadjehoun Airport","COO"
"Burkina Faso","Bobo Dioulasso","Bobo Dioulasso Airport","BOY"
"Burkina Faso","Ouagadougou","Ouagadougou Airport","OUA"
"Cameroon","Douala","Douala Airport","DLA"
"Cape Verde","Boa Vista Island","Aristides Pereira International Airport","BVC"
"Cape Verde","Praia, Santiago Island","Nelson Mandela International Airport","RAI"
"Central African Republic","Bangui","M'Poko International Airport","BGF"
"Gambia","Banjul","Banjul International Airport","BJL"
"Ghana","Accra","Kotoka International Airport","ACC"
"Ghana","Tamale","Tamale Airport","TML"
"Guinea","Conakry","Conakry International Airport","CKY"
"Guinea-Bissau","Bissau","Osvaldo Vieira International Airport","OXB"
"Guinea-Bissau","Bubaque","Bubaque Airport","BQE"
"Liberia","Monrovia","Roberts International Airport","ROB"
"Mali","Bamako","Senou International Airport","BKO"
"Mauritania","Nouadhibou","Nouadhibou International Airport","NDB"
"Niger","Niamey","Diori Hamani International Airport","NIM"
"Nigeria","Abuja","Nnamdi Azikiwe International Airport","ABV"
"Nigeria","Calabar","Margaret Ekpo International Airport","CBQ"
"Nigeria","Asaba, Delta","Asaba International Airport","ABB"
"Nigeria","Kano","Mallam Aminu Kano International Airport","KAN"
"Nigeria","Lagos","Murtala Mohammed International Airport","LOS"
"Nigeria","Port Harcourt","Port Harcourt International Airport","PHC"
"Nigeria","Enugu","Akanu Ibiam International Airport","ENU"
"Nigeria","Sokoto","Sadiq Abubakar III International Airport","SKO"
"Sierra Leone","Freetown","Lungi International Airport","FNA"
"Anguilla","The Valley","Clayton J. Lloyd International Airport","AXA"
"Antigua and Barbuda","Antigua","VC Bird International Airport","ANU"
"Bahamas","Nassau","Lynden Pindling International Airport","NAS"
"Bahamas","Chub Cay","Chub Cay International Airport","CCZ"
"Bahamas","Exuma","Exuma International Airport","GGT"
"Bahamas","Freeport","Grand Bahama International Airport","FPO"
"Bahamas","South Eleuthera","Rock Sound International Airport","RSD"
"Bahamas","Marsh Harbour","Marsh Harbor International Airport","MHH[1]"
"Barbados","Christ Church, Barbados","Grantley Adams International Airport","BGI"
"British Virgin Islands","Road Town","Terrance B. Lettsome International Airport","EIS"
"Cayman Islands","Cayman Brac","Charles Kirkconnell International Airport","CYB"
"Cayman Islands","Georgetown","Owen Roberts International Airport","GCM"
"Cuba","Cayo Coco","Jardines del Rey Airport","CCC"
"Cuba","Santiago","Antonio Maceo Airport","SCU"
"Dominica","Roseau","Melville Hall Airport","DOM"
"Dominican Republic","La Romana","La Romana International Airport","LRM"
"Dominican Republic","Punta Cana","Punta Cana International Airport","PUJ"
"Dominican Republic","Santiago de los Caballeros","Cibao International Airport","STI"
"Grenada","Grenada","Maurice Bishop International Airport","GND"
"Haiti","Port-au-Prince","Toussaint Louverture International Airport","PAP"
"Jamaica","Kingston","Norman Manley International Airport","KIN"
"Jamaica","Montego Bay","Sangster International Airport","MBJ"
"Montserrat","Brades","John A. Osborne Airport","MNI"
"Netherlands Antilles","Kralendijk","Flamingo International Airport","BON"
"Aruba","Oranjestad","Queen Beatrix International Airport","AUA"
"Netherlands Antilles","Philipsburg, Sint Maarten","Princess Juliana International Airport","SXM"
"Curaa§ao","Willemstad","Hato International Airport","CUR"
"Saint Barthelemy","St. Jean","Gustaf III Airport","SBH"
"Saint Kitts and Nevis","Saint Kitts","Robert L. Bradshaw International Airport","SKB"
"Saint Lucia","Vieux Fort Quarter","Hewanorra International Airport","UVF"
"Saint Vincent and the Grenadines","Kingstown","Argyle International Airport","SVD"
"Saint Vincent and the Grenadines","Canouan","Canouan Airport","CIW"
"Trinidad and Tobago","Port-of-Spain","Piarco International Airport","POS"
"Trinidad and Tobago","Tobago","Arthur Napoleon Raymond Robinson International Airport (formerly Crown Point International Airport)","TAB"
"Turks and Caicos Islands","Providenciales","Providenciales Airport","PLS"
"United States Virgin Islands","Saint Thomas","Cyril E. King Airport","STT"
"United States Virgin Islands","Saint Croix","Henry E. Rohlsen Airport","STX"
"Belize","Belize City","Philip S. W. Goldson International Airport","BZE"
"Guatemala","Flores","Mundo Maya International Airport","FRS"
"Guatemala","Guatemala","La Aurora International Airport","GUA"
"Honduras","Tegucigalpa","Toncontin International Airport","TGU"
"Nicaragua","Managua","Augusto C. Sandino International Airport","MGA"
"Nicaragua","Bluefields","Bluefields Airport","BEF"
"Nicaragua","Corn Island","Corn Island Airport","RNI"
"Nicaragua","Puerto Cabezas","Puerto Cabezas Airport","PUZ"
"Panama","Panama City","Tocumen International Airport","PTY"
"Bermuda","St. George's, Bermuda","L.F. Wade International Airport","BDA"
"Canada","Calgary","Calgary International Airport","YYC"
"Canada","Edmonton","Edmonton International Airport","YEG"
"Canada","Gander","Gander International Airport","YQX"
"Canada","Halifax","Halifax Stanfield International Airport","YHZ"
"Canada","Hamilton","John C. Munro Hamilton International Airport","YHM"
"Canada","Iqaluit","Iqaluit Airport","YFB"
"Canada","Kelowna","Kelowna International Airport","YLW"
"Canada","Moncton","Greater Moncton International Airport","YQM"
"Canada","Montréal","Montreal-Mirabel International Airport","YMX"
"Canada","Montréal","Montreal-Pierre Elliott Trudeau International Airport","YUL"
"Canada","Ottawa","Ottawa Macdonald-Cartier International Airport","YOW"
"Canada","Quebec","Quebec/Jean Lesage International Airport","YQB"
"Canada","Regina","Regina International Airport","YQR"
"Canada","Saskatoon","Saskatoon John G. Diefenbaker International Airport","YXE"
"Canada","St. John's","St. John's International Airport","YYT"
"Canada","Thunder Bay","Thunder Bay International Airport","YQT"
"Canada","Toronto","Billy Bishop Toronto City Airport","YTZ"
"Canada","Toronto","Toronto Pearson International Airport","YYZ"
"Canada","Vancouver","Vancouver International Airport","YVR"
"Canada","Victoria","Victoria International Airport","YYJ"
"Canada","Whitehorse","Erik Nielsen Whitehorse International Airport","YXY"
"Canada","Winnipeg","Winnipeg James Armstrong Richardson International Airport","YWG"
"Greenland","Kangerlussuaq","Kangerlussuaq Airport","SFJ"
"Greenland","Nuuk","Nuuk Airport","GOH"
"Greenland","Ilulissat","Ilulissat Airport","JAV"
"Greenland","Narsarsuaq","Narsarsuaq Airport","UAK"
"Mexico","Acapulco","General Juan N. Alvarez International Airport","ACA"
"Mexico","Chihuahua","Roberto Fierro Villalobos International Airport","CUU"
"Mexico","Ciudad del Carmen","Ciudad del Carmen International Airport","CME"
"Mexico","Cozumel","Cozumel International Airport","CZM"
"Mexico","Durango","General Guadalupe Victoria International Airport","DGO"
"Mexico","Guadalajara","Don Miguel Hidalgo y Costilla International Airport","GDL"
"Mexico","Hermosillo","Hermosillo International Airport","HMO"
"Mexico","Ixtapa","Ixtapa-Zihuatanejo International Airport","ZIH"
"Mexico","Loreto","Loreto International Airport","LTO"
"Mexico","Los Cabos","Los Cabos International Airport","SJD"
"Mexico","Manzanillo","Playa de Oro International Airport","ZLO"
"Mexico","Mexico City","Mexico City International Airport","MEX"
"Mexico","Monterrey","General Mariano Escobedo International Airport","MTY"
"Mexico","Morelia","General Francisco J. Mujica International Airport","MLM"
"Mexico","Saltillo","Plan de Guadalupe International Airport","SLW"
"Mexico","Tampico","General Francisco Javier Mina International Airport","TAM"
"Mexico","Tuxtla Gutierrez","Angel Albino Corzo International Airport","TGZ"
"Mexico","Uruapan","Uruapan International Airport","UPN"
"Mexico","Veracruz","General Heriberto Jara International Airport","VER"
"Mexico","Zacatecas","General Leobardo C. Ruiz International Airport","ZCL"
"United States of America","Akron","Akron Fulton International Airport","AKC"
"United States of America","Albany","Albany International Airport","ALB"
"United States of America","Albuquerque","Albuquerque International Sunport","ABQ"
"United States of America","Anchorage","Ted Stevens Anchorage International Airport","ANC"
"United States of America","Appleton","Appleton International Airport","ATW"
"United States of America","Atlanta","Hartsfield-Jackson Atlanta International Airport","ATL"
"United States of America","Atlantic City","Atlantic City International Airport","ACY"
"United States of America","Austin","Austin-Bergstrom International Airport","AUS"
"United States of America","Baltimore","Baltimore-Washington International Thurgood Marshall Airport","BWI"
"United States of America","Bangor","Bangor International Airport","BGR"
"United States of America","Birmingham","Birmingham-Shuttlesworth International Airport","BHM"
"United States of America","Boston","Logan International Airport","BOS"
"United States of America","Buffalo","Buffalo Niagara International Airport","BUF"
"United States of America","Charlotte","Charlotte/Douglas International Airport","CLT"
"United States of America","Chicago","Chicago Midway International Airport","MDW"
"United States of America","Chicago","Chicago Rockford International Airport","RFD"
"United States of America","Chicago","O'Hare International Airport","ORD"
"United States of America","Cincinnati","Cincinnati/Northern Kentucky International Airport","CVG"
"United States of America","Cleveland","Cleveland Hopkins International Airport","CLE"
"United States of America","Dallas","Dallas/Fort Worth International Airport","DFW"
"United States of America","Dayton","Dayton International Airport","DAY"
"United States of America","Denver","Denver International Airport","DEN"
"United States of America","Des Moines","Des Moines International Airport","DSM"
"United States of America","Detroit","Detroit Metropolitan Wayne County Airport","DTW"
"United States of America","Fairbanks","Fairbanks International Airport","FAI"
"United States of America","Fort Lauderdale","Fort Lauderdale-Hollywood International Airport","FLL"
"United States of America","Ft. Myers","Southwest Florida International Airport","RSW"
"United States of America","Fresno","Fresno Yosemite International Airport","FAT"
"United States of America","Hartford","Bradley International Airport","BDL"
"United States of America","Hilo","Hilo International Airport","ITO"
"United States of America","Honolulu","Honolulu International Airport","HNL"
"United States of America","Houston","George Bush Intercontinental Airport","IAH"
"United States of America","Houston","William P. Hobby Airport","HOU"
"United States of America","Indianapolis","Indianapolis International Airport","IND"
"United States of America","Jacksonville","Jacksonville International Airport","JAX"
"United States of America","Juneau","Juneau International Airport","JNU"
"United States of America","Kansas City","Kansas City International Airport","MCI"
"United States of America","Ketchikan","Ketchikan International Airport","KTN"
"United States of America","Key West","Key West International Airport","EYW"
"United States of America","Kona","Kona International Airport","KOA"
"United States of America","Lansing","Capital Region International Airport","LAN"
"United States of America","Las Vegas","McCarran International Airport","LAS"
"United States of America","Los Angeles","Los Angeles International Airport","LAX"
"United States of America","Louisville","Louisville International Airport","SDF"
"United States of America","Melbourne","Melbourne International Airport","MLB"
"United States of America","Memphis","Memphis International Airport","MEM"
"United States of America","Miami","Miami International Airport","MIA"
"United States of America","Milwaukee","General Mitchell International Airport","MKE"
"United States of America","Minneapolis","Minneapolis-Saint Paul International Airport","MSP"
"United States of America","Myrtle Beach","Myrtle Beach International Airport","MYR"
"United States of America","Nashville","Nashville International Airport","BNA"
"United States of America","New Orleans","Louis Armstrong New Orleans International Airport","MSY"
"United States of America","New York","John F. Kennedy International Airport","JFK"
"United States of America","New York","LaGuardia Airport","LGA"
"United States of America","Newark","Newark Liberty International Airport","EWR"
"United States of America","Newburgh","Stewart International Airport","SWF"
"United States of America","Oakland","Metropolitan Oakland International Airport","OAK"
"United States of America","Omaha","Eppley Airfield","OMA"
"United States of America","Ontario","Ontario International Airport","ONT"
"United States of America","Orange County","John Wayne Airport","SNA"
"United States of America","Orlando","Orlando International Airport","MCO"
"United States of America","Orlando","Orlando Sanford International Airport","SFB"
"United States of America","Palm Springs","Palm Springs International Airport","PSP"
"United States of America","Panama City","Northwest Florida Beaches International Airport","ECP"
"United States of America","Philadelphia","Philadelphia International Airport","PHL"
"United States of America","Phoenix","Phoenix Sky Harbor International Airport","PHX"
"United States of America","Pittsburgh","Pittsburgh International Airport","PIT"
"United States of America","Providence","T.F. Green Airport","PVD"
"United States of America","Raleigh","Raleigh-Durham International Airport","RDU"
"United States of America","Reno","Reno-Tahoe International Airport","RNO"
"United States of America","Sacramento","Sacramento International Airport","SMF"
"United States of America","Salt Lake City","Salt Lake City International Airport","SLC"
"United States of America","San Antonio","San Antonio International Airport","SAT"
"United States of America","San Bernardino","San Bernardino International Airport","SBD"
"United States of America","San Diego","San Diego International Airport","SAN"
"United States of America","San Francisco","San Francisco International Airport","SFO"
"United States of America","San Jose","San Jose International Airport","SJC"
"United States of America","San Juan","Luis Munoz Marin International Airport","SJU"
"United States of America","Sarasota","Sarasota-Bradenton International Airport","SRQ"
"United States of America","Seattle","Kenmore Air Harbor Seaplane Base","LKE"
"United States of America","Seattle","King County International Airport","BFI"
"United States of America","Seattle","Seattle-Tacoma International Airport","SEA"
"United States of America","Snohomish County (WA)","Paine Field","PAE"
"United States of America","Spokane","Spokane International Airport","GEG"
"United States of America","St. Louis","Lambert-Saint Louis International Airport","STL"
"United States of America","St. Petersburg","St. Petersburg-Clearwater International Airport","PIE"
"United States of America","Syracuse","Syracuse Hancock International Airport","SYR"
"United States of America","Tallahassee","Tallahassee International Airport","TLH"
"United States of America","Tampa","Tampa International Airport","TPA"
"United States of America","Washington, D.C.","Ronald Reagan Washington National Airport**","DCA"
"United States of America","Washington, D.C.","Washington Dulles International Airport","IAD"
"United States of America","West Palm Beach","Palm Beach International Airport","PBI"
"Argentina","Buenos Aires","Ministro Pistarini International Airport","EZE"
"Argentina","Buenos Aires","Aeroparque Jorge Newbery","AEP"
"Argentina","Mendoza","Governor Francisco Gabrielli International Airport","MDZ"
"Argentina","Resistencia","Resistencia International Airport","RES"
"Argentina","San Carlos de Bariloche","Teniente Luis Candelaria International Airport","BRC"
"Argentina","Ushuaia","Ushuaia International Airport","USH"
"Bolivia (Plurinational State of)","La Paz","El Alto International Airport","LPB"
"Bolivia (Plurinational State of)","Santa Cruz","Viru Viru International Airport","VVI"
"Brazil","Aracaju","Santa Maria Airport","AJU"
"Brazil","Belo Horizonte","Tancredo Neves International Airport","CNF"
"Brazil","Campinas","Viracopos International Airport","VCP"
"Brazil","Campo Grande","Campo Grande International Airport","CGR"
"Brazil","Curitiba","Afonso Pena International Airport","CWB"
"Brazil","Fortaleza","Pinto Martins International Airport","FOR"
"Brazil","Manaus","Eduardo Gomes International Airport","MAO"
"Brazil","Petrolina","Senador Nilo Coelho Airport","PNZ"
"Brazil","Porto Alegre","Salgado Filho International Airport","POA"
"Brazil","Porto Velho","Governador Jorge Teixeira de Oliveira International Airport","PVH"
"Brazil","Recife","Guararapes International Airport","REC"
"Chile","Antofagasta","Cerro Moreno International Airport","ANF"
"Chile","Easter Island","Mataveri International Airport","IPC"
"Chile","Puerto Montt","El Tepual International Airport","PMC"
"Colombia","Barranquilla","Ernesto Cortissoz International Airport","BAQ"
"Colombia","Bucaramanga","Palonegro International Airport","BGA"
"Colombia","Cali","Alfonso Bonilla Aragon International Airport","CLO"
"Ecuador","Cuenca","Mariscal Lamar International Airport","CUE"
"Ecuador","Esmeraldas","Carlos Concha Torres International Airport","ESM"
"Ecuador","Machala","Santa Rosa International Airport","ETR"
"Ecuador","Manta","Eloy Alfaro International Airport","MEC"
"Ecuador","Quito","Mariscal Sucre International Airport","UIO"
"Falkland Islands","Mount Pleasant","RAF Mount Pleasant","MPN"
"French Guiana","Cayenne","Cayenne-Rochambeau Airport","CAY"
"Guyana","Georgetown","Cheddi Jagan International Airport","GEO"
"Peru","Cusco","Alejandro Velasco Astete International Airport","CUZ"
"Suriname","Paramaribo","Johan Adolf Pengel International Airport","PBM"
"Uruguay","Montevideo","Carrasco International Airport","MVD"
"Uruguay","Punta del Este","Capitan Corbeta CA Curbelo International Airport","PDP"
"Venezuela (Bolivarian Republic of)","Maracaibo","La Chinita International Airport","MAR"
"Venezuela (Bolivarian Republic of)","Valencia","Arturo Michelena International Airport","VLN"
"Kazakhstan","Aktau","Aktau Airport","SCO"
"Kazakhstan","Almaty","Almaty International Airport","ALA"
"Kazakhstan","Astana","Astana International Airport","TSE"
"Kazakhstan","Atyrau","Atyrau Airport","GUW"
"Kazakhstan","Karaganda","Karaganda Airport","KGF"
"Kazakhstan","Kostanay","Kostanay Airport","KSN"
"Kazakhstan","Shymkent","Shymkent Airport","CIT"
"Kazakhstan","Oral","Oral Ak Zhol Airport","URA"
"Kyrgyzstan","Bishkek","Manas Airport","FRU"
"Kyrgyzstan","Osh","Osh Airport","OSS"
"Tajikistan","Dushanbe","Dushanbe Airport","DYU"
"Tajikistan","Khujand","Khujand Airport","LBD"
"Turkmenistan","Ashgabat","Ashgabat Airport","ASB"
"Turkmenistan","Mary","Mary International Airport","MYP"
"Turkmenistan","Turkmenbasy","Turkmenbashi International Airport","KRW"
"Uzbekistan","Tashkent","Tashkent International Airport","TAS"
"Uzbekistan","Namangan","Namangan Airport","NMA"
"Democratic People's Republic of Korea","Pyongyang","Pyongyang Sunan International Airport","FNJ"
"Japan","Akita","Akita Airport","AXT"
"Japan","Aomori","Aomori Airport","AOJ"
"Japan","Fukuoka","Fukuoka Airport","FUK"
"Japan","Hakodate","Hakodate Airport","HKD"
"Japan","Kagoshima","Kagoshima Airport","KOJ"
"Japan","Komatsu","Komatsu Airport","KMQ"
"Japan","Hiroshima","Hiroshima Airport","HIJ"
"Japan","Kitakyushu","New Kitakyushu Airport","KKJ"
"Japan","Nagasaki","Nagasaki Airport","NGS"
"Japan","Nagoya","Chubu Centrair International Airport","NGO"
"Japan","Niigata","Niigata Airport","KIJ"
"Japan","Oita","Oita Airport","OIT"
"Japan","Okayama","Okayama Airport","OKJ"
"Japan","Osaka","Kansai International Airport","KIX"
"Japan","Sapporo","New Chitose Airport","CTS"
"Japan","Sendai","Sendai Airport","SDJ"
"Japan","Shizuoka","Shizuoka Airport","FSZ"
"Japan","Tokyo","Haneda International Airport","HND"
"Japan","Tokyo","Narita International Airport","NRT"
"Mongolia","Ulaanbaatar","Chinggis Khaan International Airport","ULN"
"China","Beihai","Beihai Fucheng Airport","BHY"
"China","Beijing","Beijing Capital International Airport","PEK"
"China","Beijing","Beijing Nanyuan Airport","NAY"
"China","Changchun","Changchun Longjia International Airport","CGQ"
"China","Changsha","Changsha Huanghua International Airport","CSX"
"China","Changzhou","Changzhou Benniu Airport","CZX"
"China","Chengdu","Chengdu Shuangliu International Airport","CTU"
"China","Chongqing","Chongqing Jiangbei International Airport","CKG"
"China","Dandong","Dandong Langtou Airport","DDG"
"China","Dalian","Dalian Zhoushuizi International Airport","DLC"
"China","Dunhuang","Dunhuang Airport","DNH"
"China","Fuzhou","Fuzhou Changle International Airport","FOC"
"China","Guangzhou","Guangzhou Baiyun International Airport","CAN"
"China","Guilin","Guilin Liangjiang International Airport","KWL"
"China","Guiyang","Guiyang Longdongbao Airport","KWE"
"China","Haikou","Haikou Meilan International Airport","HAK"
"China","Hangzhou","Hangzhou Xiaoshan International Airport","HGH"
"China","Harbin","Harbin Taiping International Airport","HRB"
"China","Hefei","Hefei Xinqiao International Airport","HFE"
"China","Huizhou","Huizhou Pingtan Airport","HUZ"
"China","Jieyang","Jieyang Chaoshan International Airport","SWA"
"China","Jinan","Jinan Yaoqiang International Airport","TNA"
"China","Kunming","Kunming Changshui International Airport","KMG"
"China","Lanzhou","Lanzhou Zhongchuan International Airport","LHW"
"China","Lhasa","Lhasa Gonggar Airport","LXA"
"China","Liuzhou","Liuzhou Bailian Airport","LZH"
"China","Luoyang","Luoyang Beijiao Airport","LYA"
"China","Mianyang","Mianyang Nanjiao Airport","MIG"
"China","Mudangiang","Mudanjiang Airport","MDG"
"China","Nanchang","Nanchang Changbei International Airport","KHN"
"China","Nanjing","Nanjing Lukou International Airport","NKG"
"China","Nanning","Nanning Wuxu International Airport","NNG"
"China","Nantong","Nantong Xingdong Airport","NTG"
"China","Ningbo","Ningbo Lishe International Airport","NGB"
"China","Qingdao","Qingdao liuting International Airport","TAO"
"China","Quanzhou","Quanzhou Jinjiang International Airport","JJN"
"China","Sanya","Sanya Phoenix International Airport","SYX"
"China","Shanghai","Shanghai Hongqiao International Airport","SHA"
"China","Shanghai","Shanghai Pudong International Airport","PVG"
"China","Shenyeng","Shenyang Taoxian International Airport","SHE"
"China","Shenzhen","Shenzhen Bao'an International Airport","SZX"
"China","Shijianzhuang","Shijiazhuang Zhengding International Airport","SJW"
"China","Wuxi","Sunan Shuofang International Airport","WUX"
"China","Taiyuan","Taiyuan Wusu International Airport","TYN"
"China","Tianjin","Tianjin Binhai International Airport","TSN"
"China","Tianshui","Tianshui Airport","THQ"
"China","Weihai","Weihai International Airport","WEH"
"China","Wenzhou","Wenzhou Yongqiang Airport","WNZ"
"China","Wuhan","Wuhan Tianhe International Airport","WUH"
"China","Xiamen","Xiamen Gaoqi International Airport","XMN"
"China","Xian","Xi'an Xianyang International Airport","XIY"
"China","Xianyang","Xiangyang Airport","XFN"
"China","Xining","Xining Caojiabao Airport","XNN"
"China","Xichang","Xichang Qingshan Airport","XIC"
"China","Xuzhou","Xuzhou Guanyin Airport","XUZ"
"China","Yancheng","Yancheng Nanyang Airport","YNZ"
"China","Yanji","Yanji Airport","YNJ"
"China","Yantai","Yantai Penglai International Airport","YNT"
"China","Yinchuan","Yinchuan Hedong International Airport","INC"
"China","Zhangjiajie","Zhangjiajie Hehua Airport","DYG"
"China","Zhangye","Zhangye Ganzhou Airport","YZY"
"China","Zhengzhou","Zhengzhou Xinzheng International Airport","CGO"
"China","Zhoushan","Zhoushan Putuoshan Airport","HSN"
"China","Zhuhai","Zhuhai Jinwan Airport","ZUH"
"China","urumqi","urumqi Diwopu International Airport","URC"
"China, Hong Kong Special Administrative Region","Hong Kong","Hong Kong International Airport","HKG"
"Macau","Macau","Macau International Airport","MFM"
"Taiwan","Kaohsiung","Kaohsiung International Airport","KHH"
"Taiwan","Taichung","Taichung International Airport","RMQ"
"Taiwan","Taipei","Taipei Songshan Airport","TSA"
"Taiwan","Taoyuan","Taiwan Taoyuan International Airport","TPE"
"Republic of Korea","Busan","Gimhae International Airport","PUS"
"Republic of Korea","Daegu","Daegu Airport","TAE"
"Republic of Korea","Jeju","Jeju International Airport","CJU"
"Republic of Korea","Seoul","Gimpo International Airport","GMP"
"Republic of Korea","Incheon","Incheon International Airport","ICN"
"Republic of Korea","Cheongju","Cheongju International Airport","CJJ"
"Republic of Korea","Muan","Muan International Airport","MWX"
"Republic of Korea","Yangyang","Yangyang International Airport","YNY"
"Bangladesh","Chittagong","Shah Amanat International Airport","CGP"
"Bangladesh","Dhaka","Hazrat Shahjalal International Airport","DAC"
"Bangladesh","Sylhet","Osmani International Airport","ZYL"
"Bhutan","Paro","Paro Airport","PBH"
"India","Andaman & Nicobar Islands","Veer Savarkar International Airport","IXZ"
"India","Ahmedabad","Sardar Vallabhbhai Patel International Airport","AMD"
"India","Amritsar","Sri Guru Ram Dass Jee International Airport","ATQ"
"India","Agatti","Agatti Airport","AGX"
"India","Aizawl","Lengpui Airport","AJL"
"India","Along","Along Airport","IXV"
"India","Aranmula","Aranmula International Airport","AML"
"India","Bangalore","Kempegowda International Airport","BLR"
"India","Bhopal","Raja Bhoj International Airport","BHO"
"India","Bhubaneshwar","Biju Patnaik International Airport","BBI"
"India","Chandigarh","Chandigarh International Airport","IXC"
"India","Chennai","Chennai International Airport","MAA"
"India","Chennai","New Chennai International Airport","NMA"
"India","Kochi","Cochin International Airport","COK"
"India","Coimbatore","Coimbatore International Airport","CJB"
"India","Daman","Daman Airport","NMA"
"India","Dimapur","Dimapur Airport","DMU"
"India","Delhi","Indira Gandhi International Airport","DEL"
"India","Dehra Dun","Jolly Grant Airport","DED"
"India","Dholera","Dholera International Airport","DHR"
"India","Faizabad","Ram Lala International Airport","FZD"
"India","Gangtok","Pakyong Airport","PAS"
"India","Gurgaon","Karnal Airport","KBS"
"India","Goa","Goa International Airport","GOI"
"India","Goa","Mopa Airport","MGI"
"India","Gaya","Gaya International Airport","GAY"
"India","Guwahati","Lokpriya Gopinath Bordoloi International Airport","GAU"
"India","Hyderabad","Rajiv Gandhi International Airport","HYD"
"India","Imphal","Imphal International Airport","IMF"
"India","Indore","Devi Ahilya Bai Holkar International Airport","IXR"
"India","Jaipur","Jaipur International Airport","JAI"
"India","Kannur","Kannur International Airport","CNN"
"India","Kolkata","Netaji Subhash Chandra Bose International Airport","CCU"
"India","Kozhikode","Calicut International Airport","CCJ"
"India","Kottayam","Sabarigiri International Airport","SIA"
"India","Kullu","Kullu Manali International Airport","KTM"
"India","Kusinagar","Gautama Buddha International Airport","KNR"
"India","Lucknow","Chaudhary Charan Singh International Airport","LKO"
"India","Madurai","Madurai International Airport","IXM"
"India","Mathura","Mathura International Airport","MAR"
"India","Mangalore","Mangalore International Airport","IXE"
"India","Mumbai","Chhatrapati Shivaji International Airport","BOM"
"India","Mysore","Mysore International Airport","MLE"
"India","Noida","Taj International Airport","NTA"
"India","Nagpur","Dr. Babasaheb Ambedkar International Airport","NAG"
"India","Navi Mumbai","Navi Mumbai International Airport","NMA"
"India","Kanpur","Captain Lakshmi Sehgal International Airport","KPR"
"India","Port Blair","Veer Savarkar International Airport","IXZ"
"India","Patna","Jay Prakash Narayan International Airport","PAT"
"India","Pasighat","Tong Airport","IXZ"
"India","Pune","Pune International Airport","PNQ"
"India","Pune","Chhatrapati Sambhaji Raje International Airport","CRA\NPQ"
"India","Raipur","Swami Vivekananda Airport","RPR"
"India","Ranchi","Birsa Munda Airport","IXR"
"India","Siliguri","Bagdogra International Airport","IXB"
"India","Shillong","Shillong Airport","SHL"
"India","Shimla","Shimla Airport","SLV"
"India","Srinagar","Srinagar Airport","SXR"
"India","Tiruchirappalli","Tiruchirappalli International Airport","TRZ"
"India","Tirupati","Tirupati Airport","TIR"
"India","Trivandrum","Trivandrum International Airport","TRV"
"India","Varanasi","Lal Bahadur Shastri International Airport","VNS"
"India","Vijayawada","Nandamuri Taraka Rama Rao-Amaravati International Airport","VGA"
"India","Vishakhapatnam","Visakhapatnam Airport","VTZ"
"India","Vishakhapatnam","Bhogapuram Airport","VSA"
"India","Vadodara","Vadodara Airport","BDQ"
"Maldives","Hulhule Island","Velana International Airport","MLE"
"Maldives","Addu City","Gan International Airport","GAN"
"Nepal","Kathmandu","Tribhuvan International Airport","KTM"
"Nepal","Siddharthanagar","Gautam Buddha Airport","BWA"
"Pakistan","Bahawalpur","Bahawalpur Airport","BHV"
"Pakistan","Dera Ghazi Khan","Dera Ghazi Khan International Airport","DEA"
"Pakistan","Faisalabad","Faisalabad International Airport","LYP"
"Pakistan","Gwadar","Gwadar International Airport","GWD"
"Pakistan","Islamabad","Benazir Bhutto International Airport","ISB"
"Pakistan","Karachi","Jinnah International Airport","KHI"
"Pakistan","Lahore","Allama Iqbal International Airport","LHE"
"Pakistan","Multan","Multan International Airport","MUX"
"Pakistan","Peshawar","Bacha Khan International Airport","PEW"
"Pakistan","Quetta","Quetta International Airport","UET"
"Pakistan","Rahimyar Khan","Shaikh Zayed International Airport","RYK"
"Pakistan","Sialkot","Sialkot International Airport","SKT"
"Pakistan","Turbat","Turbat International Airport","TUK"
"Sri Lanka","Colombo","Bandaranaike International Airport","CMB"
"Sri Lanka","Hambantota","Mattala Rajapaksa International Airport","HRi"
"Brunei Darussalam","Bandar Seri Begawan","Brunei International Airport","BWN"
"Cambodia","Phnom Penh","Phnom Penh International Airport","PNH"
"Cambodia","Siem Reap","Siem Reap-Angkor International Airport","REP"
"Cambodia","Sihanoukville","Sihanoukville International Airport","KOS"
"Timor-Leste","Dili","Presidente Nicolau Lobato International Airport","DIL"
"Indonesia","Makassar","Hasanuddin International Airport","UPG"
"Indonesia","Manado","Sam Ratulangi International Airport","MDC"
"Indonesia","Mataram","Lombok International Airport","LOP"
"Indonesia","Medan","Kuala Namu International Airport","KNO"
"Indonesia","Padang","Minangkabau International Airport","PDG"
"Indonesia","Palembang","Sultan Mahmud Badaruddin II Airport","PLM"
"Indonesia","Pekanbaru","Sultan Syarif Qasim II International Airport","PKU"
"Indonesia","Samarinda","Samarinda International Airport","SRI"
"Indonesia","Semarang","Achmad Yani International Airport","SRG"
"Indonesia","Surabaya","Juanda International Airport","SUB"
"Indonesia","Solo","Adisumarmo International Airport","SOC"
"Indonesia","Yogyakarta","Adisucipto International Airport","JOG"
"Indonesia","Jakarta","Soekarno Hatta International Airport","CGK"
"Indonesia","Denpasar","Ngurah Rai International Airport","DPS"
"Indonesia","Bandung","Husein Sastranegara International Airport","BDO"
"Indonesia","Balikpapan","Sultan Aji Muhammad Sulaiman Airport","BPN"
"Indonesia","Ambon","Pattimura Airport","AMQ"
"Indonesia","Palangkaraya","Tjilik Riwut Airport","PKY"
"Indonesia","Jayapura","Sentani Airport","DJJ"
"Indonesia","Bandjarmasin","Syamsudin Noor Airport","BDJ"
"Indonesia","Kupang","El Tari Airport","KOE"
"Indonesia","Palu","Mutiara Airport","PLW"
"Indonesia","Kendari","Haluoleo Airport","KDI"
"Laos","Luang Prabang","Luang Prabang International Airport","LPQ"
"Laos","Pakse","Pakse International Airport","PKZ"
"Laos","Vientiane","Wattay International Airport","VTE"
"Malaysia","Ipoh","Sultan Azlan Shah Airport","IPH"
"Malaysia","Johor Bahru","Senai International Airport","JHB"
"Malaysia","Kota Baharu","Sultan Ismail Petra Airport","KBR"
"Malaysia","Kota Kinabalu","Kota Kinabalu International Airport","BKI"
"Malaysia","Kuala Lumpur","Kuala Lumpur International Airport","KUL"
"Malaysia","Kuching","Kuching International Airport","KCH"
"Malaysia","Langkawi","Langkawi International Airport","LGK"
"Malaysia","Penang","Penang International Airport","PEN"
"Malaysia","Subang","Sultan Abdul Aziz Shah Airport","SZB"
"Myanmar","Mandalay","Mandalay International Airport","MDL"
"Myanmar","Yaynangyoung","Yangon International Airport","RGN"
"Myanmar","Naypyidaw","Naypyidaw Airport","NYT"
"Philippines","Bicol Region","Bicol International Airport",""
"Philippines","Cagayan Special Economic Zone","Cagayan North International Airport",""
"Philippines","Angeles","Clark International Airport","CRK"
"Philippines","Davao","Francisco Bangoy International Airport","DVO"
"Philippines","General Santos","General Santos International Airport","GES"
"Philippines","Iloilo","Iloilo International Airport","ILO"
"Philippines","Kalibo","Kalibo International Airport","KLO"
"Philippines","Laoag","Laoag International Airport","LAO"
"Philippines","Manila","Ninoy Aquino International Airport","MNL"
"Philippines","Panglao Island","Panglao Island International Airport","TAG"
"Philippines","Puerto Princesa","Puerto Princesa International Airport","PPS"
"Philippines","Olongapo","Subic Bay International Airport","SFS"
"Philippines","Zamboanga","Zamboanga International Airport","ZAM"
"Singapore","Singapore","Singapore Changi Airport","SIN"
"Thailand","Bangkok","Suvarnabhumi Airport","BKK"
"Thailand","Bangkok","Don Mueang International Airport","DMK"
"Thailand","Chiang Mai","Chiang Mai International Airport","CNX"
"Thailand","Chiang Rai","Mae Fah Luang International Airport","CEI"
"Thailand","Rayong","U-Tapao International Airport","UTP"
"Thailand","Hat Yai","Hat Yai International Airport","HDY"
"Thailand","Krabi","Krabi Airport","KBV"
"Thailand","Phuket","Phuket International Airport","HKT"
"Thailand","Surat Thani","Surat Thani Airport","URT"
"Thailand","Ko Samui","Samui Airport","USM"
"Thailand","Udon Thani","Udon Thani International Airport","UTH"
"Viet Nam","Da Nang","Da Nang International Airport","DAD"
"Viet Nam","Hanoi","Noi Bai International Airport","HAN"
"Viet Nam","Ho Chi Minh City","Tan Son Nhat International Airport","SGN"
"Viet Nam","Can Tho","Can Tho International Airport","VCA"
"Viet Nam","Haiphong","Cat Bi International Airport","HPH"
"Viet Nam","Phu Quoc","Phu Quoc International Airport","PQC"
"Afghanistan","Kabul","Hamid Karzai International Airport","KBL"
"Afghanistan","Herat","Herat International Airport","HEA"
"Afghanistan","Kandahar","Kandahar International Airport","KDH"
"Afghanistan","Mazar-e Sharif","Mazar-e Sharif International Airport","MZR"
"Bahrain","Manama","Bahrain International Airport","BAH"
"Iran (Islamic Republic of)","Bandar-e-Abbas","Bandar Abbas International Airport","BND"
"Iran (Islamic Republic of)","Birjand","Birjand International Airport","XBJ"
"Iran (Islamic Republic of)","Isfahan","Isfahan International Airport","IFN"
"Iran (Islamic Republic of)","Kish Island","Kish Airport","KIH"
"Iran (Islamic Republic of)","Mashhad","Mashhad International Airport","MHD"
"Iran (Islamic Republic of)","Mehrabad","Mehrabad International Airport","THR"
"Iran (Islamic Republic of)","Qeshm","Dayrestan Airport","GSM"
"Iran (Islamic Republic of)","Shiraz","Shiraz International Airport","SYZ"
"Iran (Islamic Republic of)","Tabriz","Tabriz International Airport","TBZ"
"Iran (Islamic Republic of)","Tehran","Tehran Imam Khomeini International Airport","IKA"
"Iraq","An Najaf","Al Najaf International Airport","NJF"
"Iraq","Baghdad","Baghdad International Airport","BGW"
"Iraq","Basra","Basra International Airport","BSR"
"Iraq","Irbil","Erbil International Airport","EBL"
"Iraq","Mosul","Mosul International Airport","OSM"
"Iraq","As Sulaymaniyah","Sulaimaniyah International Airport","ISU"
"Iraq","Diyala Governorate","Diyala International Airport",""
"Israel","Eilat","Ramon Airport (under construction, opening 2017)","ETM"
"Israel","Haifa","Haifa Airport","HFA"
"Israel","Negev","Ovda International Airport","VDA"
"Israel","Greater Tel Aviv","Ben Gurion Airport","TLV"
"Jordan","Al Aqabah","King Hussein International Airport","AQJ"
"Jordan","Amman","Queen Alia International Airport","AMM"
"Jordan","Amman","Amman Civil Airport","ADJ"
"Kuwait","Kuwait","Kuwait International Airport","KWI"
"Lebanon","Beirut","Beirut Rafic Hariri International Airport","BEY"
"Oman","Muscat","Muscat International Airport","MCT"
"Qatar","Doha","Hamad International Airport","DOH"
"Saudi Arabia","Ad Dammam","King Fahd International Airport","DMM"
"Saudi Arabia","Jeddah","King Abdulaziz International Airport","JED"
"Saudi Arabia","Medina","Prince Mohammad Bin Abdulaziz International Airport","MED"
"Saudi Arabia","Riyadh","King Khalid International Airport","RUH"
"Syrian Arab Republic","Aleppo","Aleppo International Airport","ALP"
"Syrian Arab Republic","Damascus","Damascus International Airport","DAM"
"Syrian Arab Republic","Latakia","Bassel Al-Assad International Airport","LTK"
"United Arab Emirates","Abu Dhabi","Abu Dhabi International Airport","AUH"
"United Arab Emirates","Al Ain","Al Ain International Airport","AAN"
"United Arab Emirates","Dubai","Al-Maktoum International Airport","DWC"
"United Arab Emirates","Dubai","Dubai International Airport","DXB"
"United Arab Emirates","Ras al Khaymah","Ras Al Khaimah International Airport","RKT"
"United Arab Emirates","Sharjah","Sharjah International Airport","SHJ"
"Yemen","Aden","Aden International Airport","ADE"
"Yemen","Sanaa","Sana'a International Airport","SAH"
"Belgium","Antwerpen","Antwerp International Airport","ANR"
"Belgium","Brussels","Brussels Airport","BRU"
"Belgium","Liege","Liège Airport","LGG"
"Belgium","Brussels","Brussels South Charleroi Airport","CRL"
"Belgium","Brugge","Ostend-Bruges International Airport","OST"
"France","Ajaccio","Campo dell'Oro Airport","AJA"
"France","Bastia","Poretta Airport","BIA"
"France","Biarritz","Biarritz Airport","BIQ"
"France","Brest","Brest Bretagne Airport","BES"
"France","Carcassonne","Salvaza Airport","CCF"
"France","Dinard","Pleurtuit Airport","DNR"
"France","Figari","Figari Sud-Corse Airport","FSC"
"France","Lille","Lille Lesquin Airport","LIL"
"France","Limoges","Bellegarde Airport","LIG"
"France","Marseille","Provence Airport","MRS"
"France","Mulhouse","Basel-Mulhouse-Freiburg Airport","BSL"
"France","Nantes","Nantes Atlantique Airport","NTE"
"France","Paris","Charles de Gaulle Airport","CDG"
"France","Paris","Orly Airport","ORY"
"France","Pau","Uzein Airport","PUF"
"France","Poitier","Biard Airport","PIS"
"France","Rodez","Marcillac Airport","RDZ"
"France","Strasbourg","Strasbourg Airport","SXB"
"France","Toulouse","Blagnac Airport","TLS"
"France","Tours","Tours Loire Valley Airport","TUF"
"France","Beauvais","Beauvais-Tille Airport","BVA"
"France","Bergerac","Bergerac-Roumanière Airport","EGC"
"France","Beziers","Beziers Cap d'Agde Airport","BZR"
"France","Bordeaux","Merignac Airport","BOD"
"France","Chalons-en-Champagne","Chalons Vatry Airport","XCR"
"France","Chambery","Chambery-Savoie Airport","CMF"
"France","Grenoble","Grenoble-Isère Airport","GNB"
"France","Ile de Re","Île de Re Airport","LRH"
"France","Lyon","Saint-Exupery Airport","LYS"
"France","Nice","Côte d'Azur Airport","NCE"
"France","Nimes","Garons Airport","FNI"
"France","Perpignan","Llabanère Airport","PGF"
"France","Saint-Etienne","Boutheon Airport","EBU"
"France","Toulon","Hyères Le Palyvestre Airport","TLN"
"Gibraltar","Gibraltar","North Front Airport","GIB"
"Guernsey","Guernsey","Guernsey Airport","GCI"
"Jersey","Jersey","Jersey Airport","JER"
"Ireland","Cork","Cork Airport","ORK"
"Ireland","Dublin","Dublin Airport","DUB"
"Ireland","Kerry","Kerry Airport","KIR"
"Ireland","Knock","Ireland West Airport Knock","NOC"
"Ireland","Shannon","Shannon Airport","SNN"
"Isle of Man","Isle of Man","Isle of Man Airport","IOM"
"Luxembourg","Luxembourg","Findel Airport","LUX"
"Netherlands","Amsterdam","Amsterdam Airport Schiphol","AMS"
"Netherlands","Eindhoven","Eindhoven Airport","EIN"
"Netherlands","Groningen","Groningen Airport Eelde","GRQ"
"Netherlands","Maastricht","Maastricht-Aachen Airport","MST"
"Netherlands","Rotterdam","Rotterdam The Hague Airport","RTM"
"Portugal","Beja","Beja Airport","BYJ"
"Portugal","Faro","Faro Airport","FAO"
"Portugal","Funchal","Madeira Airport","FNC"
"Portugal","Porto Santo Island","Porto Santo Airport","PXO"
"Portugal","Lisbon","Lisbon Portela Airport","LIS"
"Portugal","Terceira Island","Terceira Airport","TER"
"Spain","Alicante","Alicante Airport","ALC"
"Spain","Asturias","Asturias Airport","OVD"
"Spain","Barcelona","Barcelona Airport","BCN"
"Spain","Fuerteventura","Fuerteventura Airport","FUE"
"Spain","Girona","Girona-Costa Brava Airport","GRO"
"Spain","Gran Canaria","Gran Canaria Airport","LPA"
"Spain","Granada","Granada Airport","GRX"
"Spain","Huesca","Huesca-Pirineos Airport","HSK"
"Spain","Ibiza","Ibiza Airport","IBZ"
"Spain","Jerez de la Frontera","Jerez Airport","XRY"
"Spain","Las Palma","La Palma Airport","SPC"
"Spain","Lanzarote","Lanzarote Airport","ACE"
"Spain","Lleida","Alguaire Airport","ILD"
"Spain","Madrid","Madrid-Barajas Airport","MAD"
"Spain","Menorca","Menorca Airport","MAH"
"Spain","Murcia","Murcia-San Javier Airport","MJV"
"Spain","Palma","Palma de Mallorca Airport","PMI"
"Spain","Reus","Reus Airport","REU"
"Spain","Santander","Santander Airport","SDR"
"Spain","Santiago de Compostela","Santiago de Compostela Airport","SCQ"
"Spain","Seville","Seville Airport","SVQ"
"Spain","Tenerife","Tenerife North Airport","TFN"
"Spain","Tenerife","Tenerife South Airport","TFS"
"Spain","Valencia","Valencia Airport","VLC"
"Spain","Valladolid","Valladolid Airport","VLL"
"Spain","Zaragoza","Zaragoza Airport","ZAZ"
"Austria","Graz","Graz Airport","GRZ"
"Austria","Klagenfurt","Klagenfurt Airport","KLU"
"Austria","Innsbruck","Innsbruck Airport","INN"
"Austria","Linz","Linz Airport","LNZ"
"Austria","Salzburg","Salzburg Airport","SZG"
"Austria","Vienna","Vienna International Airport","VIE"
"Germany","Baden-Baden/Karlsruhe","Karlsruhe/Baden-Baden Airport","FKB"
"Germany","Berlin","Berlin Tegel Airport","TXL"
"Germany","Berlin","Berlin Brandenburg Airport (Future)","BER"
"Germany","Bremen","Bremen Airport","BRE"
"Germany","Cologne/Bonn","Cologne/Bonn Airport","CGN"
"Germany","Dortmund","Dortmund Airport","DTM"
"Germany","Frankfurt","Frankfurt Airport","FRA"
"Germany","Frankfurt","Frankfurt-Hahn Airport","HHN"
"Germany","Friedrichshafen","Friedrichshafen Airport","FDH"
"Germany","Hamburg","Hamburg Airport","HAM"
"Germany","Hanover","Langenhagen Airport","HAJ"
"Germany","Leipzig","Leipzig/Halle Airport","LEJ"
"Germany","Memmingen","Memmingen Airport","FMM"
"Germany","Munich","Munich Airport","MUC"
"Germany","Stuttgart","Stuttgart Airport","STR"
"Germany","Weeze","Weeze Airport","NRN"
"Greece","Athens","Athens International Airport","ATH"
"Greece","Hania","Chania International Airport","CHQ"
"Greece","Hios Island","Chios Island National Airport","JKH"
"Greece","Corfu","Ioannis Kapodistrias Airport","CFU"
"Greece","Heraklion","Heraklion International Airport","HER"
"Greece","Kalamata","Kalamata International Airport","KLX"
"Greece","Karpathos Island","Karpathos Island National Airport","AOK"
"Greece","Kavala","Kavala International Airport","KVA"
"Greece","Kefalonia Island","Kefalonia Island International Airport","EFL"
"Greece","Kos Island","Kos Island International Airport","KGS"
"Greece","Mykonos Island","Mykonos Island National Airport","JMK"
"Greece","Mytilene","Mytilene International Airport","MJT"
"Greece","Preveza","Aktion National Airport","PVK"
"Greece","Rhodes","Rhodes International Airport","RHO"
"Greece","Samos","Samos International Airport","SMI"
"Greece","Santorini","Santorini (Thira) National Airport","JTR"
"Greece","Skiathos Island","Skiathos Island National Airport","JSI"
"Greece","Skyros Island","Skyros Island National Airport","SKU"
"Greece","Thessaloniki","Thessaloniki International Airport","SKG"
"Greece","Volos","Nea Anchialos National Airport","VOL"
"Greece","Zakynthos","Zakynthos International Airport","ZTH"
"Italy","Alghero","Fertilia Airport","AHO"
"Italy","Ancona","Ancona Airport","AOI"
"Italy","Bari","Palese Airport","BRI"
"Italy","Bergamo","Orio al Serio Airport","BGY"
"Italy","Bologna","Bologna Airport","BLQ"
"Italy","Brescia","Brescia Airport","VBS"
"Italy","Brindisi","Brindisi Airport","BDS"
"Italy","Cagliari","Cagliari Airport","CAG"
"Italy","Catania","Fontanarossa Airport","CTA"
"Italy","Cuneo","Cuneo Levaldigi Airport","CUF"
"Italy","Florence","Peretola Airport","FLR"
"Italy","Genoa","Cristoforo Colombo Airport","GOA"
"Italy","Lamezia","Lamezia Terme Airport","SUF"
"Italy","Milan","Linate Airport","LIN"
"Italy","Milan","Malpensa Airport","MXP"
"Italy","Naples","Capodichino Airport","NAP"
"Italy","Olbia","Costa Smeralda Airport","OLB"
"Italy","Palermo","Palermo Airport","PMO"
"Italy","Perugia","San Egidio Airport","PEG"
"Italy","Pescara","Abruzzo Airport","PSR"
"Italy","Pisa","Galileo Galilei Airport","PSA"
"Italy","Rimini","Federico Fellini Airport","RMI"
"Italy","Rome","Leonardo da Vinci-Fiumicino Airport","FCO"
"Italy","Rome","Rome Ciampino Airport","CIA"
"Italy","Trapani","Vincenzo Florio Airport","TPS"
"Italy","Trieste","Friuli Venezia Giulia Airport","TRS"
"Italy","Turin","Caselle Airport","TRN"
"Italy","Venice","Venice Marco Polo Airport","VCE"
"Italy","Verona","Verona Airport","VRN"
"Switzerland","Bern","Bern-Belp Airport","BRN"
"Switzerland","Geneva","Geneva International Airport","GVA"
"Switzerland","Saint Gallen","St. Gallen-Altenrhein Airport","ACH"
"Switzerland","Zurich","Zurich Airport","ZRH"
"Poland","Bydgoszcz","Bydgoszcz Ignacy Jan Paderewski Airport","BZG"
"Poland","Katowice","Katowice International Airport","KTW"
"Poland","Lublin","Lublin Airport","LUZ"
"Poland","Warsaw","Modlin Airport","WMI"
"Romania","Bucharest","Henri Coanda International Airport","OTP"
"Romania","Cluj-Napoca","Cluj-Napoca International Airport","CLJ"
"Romania","Oradea","Oradea International Airport","OMR"
"Romania","Sibiu","Sibiu International Airport","SBZ"
"Armenia","Yerevan","Zvartnots International Airport","EVN"
"Armenia","Gyumri","Shirak Airport","LWN"
"Azerbaijan","Baku","Heydar Aliyev International Airport","GYD"
"Azerbaijan","Ganca","Ganja International Airport","KVD"
"Azerbaijan","Naxcivan","Nakhchivan Airport","NAJ"
"Azerbaijan","Qabala","Qabala International Airport","GBB"
"Azerbaijan","Lankaran","Lankaran International Airport","LLK"
"Belarus","Grodno","Hrodna Airport","GNA"
"Belarus","Gomel","Gomel Airport","GME"
"Belarus","Minsk","Minsk International Airport","MSQ"
"Bosnia and Herzegovina","Banja Luka","Banja Luka International Airport","BNX"
"Bosnia and Herzegovina","Sarajevo","Sarajevo International Airport","SJJ"
"Bosnia and Herzegovina","Tuzla","Tuzla International Airport","TZL"
"Bosnia and Herzegovina","Mostar","Mostar International Airport","OMO"
"Bulgaria","Burgas","Burgas Airport","BOJ"
"Bulgaria","Plovdiv","Plovdiv Airport","PDV"
"Bulgaria","Sofia","Sofia Airport","SOF"
"Bulgaria","Varna","Varna Airport","VAR"
"Croatia","Dubrovnik","Dubrovnik Airport","DBV"
"Croatia","Osijek","Osijek Airport","OSI"
"Croatia","Pula","Pula Airport","PUY"
"Croatia","Rijeka","Rijeka Airport","RJK"
"Croatia","Split","Split Airport","SPU"
"Croatia","Zadar","Zadar Airport","ZAD"
"Cyprus","Larnaka","Larnaca International Airport","LCA"
"Cyprus","Paphos","Paphos International Airport","PFO"
"Cyprus","Tymbou","Ercan International Airport","ECN"
"Czechia","Karlovy Vary","Karlovy Vary Airport","KLV"
"Czechia","Pardubice","Pardubice Airport","PED"
"Estonia","Tallinn","Lennart Meri Tallinn Airport","TLL"
"Estonia","Tartu","Tartu Airport","TAY"
"Georgia","Batumi","Batumi International Airport","BUS"
"Georgia","Kutaisi","Kutaisi International Airport","KUT"
"Georgia","Tbilisi","Tbilisi International Airport","TBS"
"Hungary","Budapest","Budapest Ferenc Liszt International Airport","BUD"
"Hungary","Debrecen","Debrecen International Airport","DEB"
"Kosovo","Pristina","Pristina International Airport","PRN"
"Latvia","Riga","Riga International Airport","RIX"
"Latvia","Ventspils","Ventspils International Airport","VNT"
"Lithuania","Kaunas","Kaunas Airport","KUN"
"Lithuania","Palanga","Palanga International Airport","PLQ"
"Lithuania","Vilnius","Vilnius International Airport","VNO"
"The former Yugoslav Republic of Macedonia","Ohrid","Ohrid St. Paul the Apostle Airport","OHD"
"The former Yugoslav Republic of Macedonia","Skopje","Skopje Alexander the Great Airport","SKP"
"Malta","Luqa","Malta International Airport","MLA"
"Montenegro","Podgorica","Podgorica Airport","TGD"
"Montenegro","Tivat","Tivat Airport","TIV"
"Russian Federation","Abakan","Abakan International Airport","ABA"
"Russian Federation","Anadyr","Ugolny Airport","DYR"
"Russian Federation","Anapa","Anapa Airport","AAQ"
"Russian Federation","Archangel","Talagi Airport","ARH"
"Russian Federation","Astrakhan","Narimanovo Airport","ASF"
"Russian Federation","Barnaul","Barnaul Airport","BAX"
"Russian Federation","Belgorod","Belgorod International Airport","EGO"
"Russian Federation","Blagoveshchensk","Ignatyevo Airport","BQS"
"Russian Federation","Bratsk","Bratsk Airport","BTK"
"Russian Federation","Bryansk","Bryansk International Airport","BZK"
"Russian Federation","Cheboksary","Cheboksary Airport","CSY"
"Russian Federation","Chelyabinsk","Chelyabinsk Airport","CEK"
"Russian Federation","Cherepovets","Cherepovets Airport","CEE"
"Russian Federation","Chita","Kadala Airport","HTA"
"Russian Federation","Elista","Elista Airport","ESL"
"Russian Federation","Irkutsk","Irkutsk Airport","IKT"
"Russian Federation","Groznyy","Grozny Airport","GRV"
"Russian Federation","Kaliningrad","Khrabrovo Airport","KGD"
"Russian Federation","Kazan","Kazan Airport","KZN"
"Russian Federation","Khabarovsk","Khabarovsk Novy Airport","KHV"
"Russian Federation","Komsomolsk na Amure","Komsomolsk-on-Amur Airport","KXK"
"Russian Federation","Krasnodar","Pashkovsky Airport","KRR"
"Russian Federation","Krasnoyarsk","Yemelyanovo International Airport","KJA"
"Russian Federation","Kursk","Kursk Vostochny Airport","URS"
"Russian Federation","Magadan","Sokol Airport","GDX"
"Russian Federation","Magnitogorsk","Magnitogorsk International Airport","MQF"
"Russian Federation","Makhachkala","Uytash Airport","MCX"
"Russian Federation","Mineralnye Vody","Mineralnye Vody Airport","MRV"
"Russian Federation","Moscow","Domodedovo International Airport","DME"
"Russian Federation","Moscow","Sheremetyevo International Airport","SVO"
"Russian Federation","Moscow","Vnukovo Airport","VKO"
"Russian Federation","Murmansk","Murmansk Airport","MMK"
"Russian Federation","Naltchik","Nalchik Airport","NAL"
"Russian Federation","Nizhenvartovsk","Nizhnevartovsk Airport","NJC"
"Russian Federation","Nizhnekamsk","Begishevo Airport","NBC"
"Russian Federation","Nizhny Novgorod","Strigino Airport","GOJ"
"Russian Federation","Novokuznetsk","Spichenkovo Airport","NOZ"
"Russian Federation","Novosibirsk","Tolmachevo Airport","OVB"
"Russian Federation","Omsk","Omsk Tsentralny Airport","OMS"
"Russian Federation","Orenburg","Orenburg Tsentralny Airport","REN"
"Russian Federation","Orsk","Orsk Airport","OSW"
"Russian Federation","Perm","Perm International Airport","PEE"
"Russian Federation","Petrozavodsk","Petrozavodsk Airport","PES"
"Russian Federation","Provideniya","Provideniya Bay Airport","PVS"
"Russian Federation","Petropavlovsk Kamchatskiy","Yelizovo Airport","PKC"
"Russian Federation","Pskov","Pskov Airport","PKV"
"Russian Federation","Rostov","Rostov-na-Donu Airport","ROV"
"Russian Federation","St. Petersburg","Pulkovo Airport","LED"
"Russian Federation","Samara","Samara Kurumoch Airport","KUF"
"Russian Federation","Saratov","Saratov Tsentralny Airport","RTW"
"Russian Federation","Sochi","Sochi International Airport","AER"
"Russian Federation","Stavropol","Stavropol Shpakovskoye Airport","STW"
"Russian Federation","Surgut","Surgut International Airport","SGC"
"Russian Federation","Syktyvkar","Syktyvkar Airport","SCW"
"Russian Federation","Tomsk","Bogashevo Airport","TOF"
"Russian Federation","Tyumen","Roshchino International Airport","TJM"
"Russian Federation","Ulan Ude","Baikal International Airport","UUD"
"Russian Federation","Ulyanovsk","Ulyanovsk Vostochny Airport","ULY"
"Russian Federation","Ufa","Ufa International Airport","UFA"
"Russian Federation","Vladivostok","Vladivostok International Airport","VVO"
"Russian Federation","Vladikavkaz","Beslan Airport","OGZ"
"Russian Federation","Volgograd","Volgograd International Airport","VOG"
"Russian Federation","Voronezh","Voronezh International Airport","VOZ"
"Russian Federation","Yakutsk","Yakutsk Airport","YKS"
"Russian Federation","Yaroslavl","Tunoshna Airport","IAR"
"Russian Federation","Yekaterinburg","Koltsovo International Airport","SVX"
"Russian Federation","Yuzhno Sakhalinsk","Yuzhno-Sakhalinsk Airport","UUS"
"Serbia","Belgrade","Belgrade Nikola Tesla Airport","BEG"
"Slovakia","Poprad","Poprad-Tatry Airport","TAT"
"Turkey","Antalya","Antalya Airport","AYT"
"Turkey","Bodrum","Milas-Bodrum Airport","BJV"
"Turkey","Dalaman","Dalaman Airport","DLM"
"Turkey","Kayseri","Erkilet Airport","ASR"
"Turkey","Konya","Konya Airport","KYA"
"Turkey","Trabzon","Trabzon Airport","TZX"
"Turkey","Zonguldak","Zonguldak Airport","ONQ"
"Ukraine","Kiev","Boryspil International Airport","KBP"
"Ukraine","Chernivtsi","Chernivtsi International Airport","CWC"
"Ukraine","Donetsk","Donetsk Airport","DOK"
"Ukraine","Dnipropetrovsk","Dnipropetrovsk International Airport","DNK"
"Ukraine","Kiev","Gostomel Airport (cargo only, serving Kiev)","GML"
"Ukraine","Ivano-Frankivsk","Ivano-Frankivsk International Airport","IFO"
"Ukraine","Kharkiv","Kharkiv International Airport","HRK"
"Ukraine","Kryvyy Rih","Kryvyi Rih International Airport","KWG"
"Ukraine","Kiev","Kyiv Zhuliany International Airport","IEV"
"Ukraine","Luhansk","Luhansk International Airport","VSG"
"Ukraine","Lvov","Lviv Danylo Halytskyi International Airport","LWO"
"Ukraine","Odessa","Lymanske International Airport",""
"Ukraine","Mykolaiv","Mykolaiv International Airport","NLV"
"Ukraine","Odessa","Odessa International Airport","ODS"
"Ukraine","Simferopol","Simferopol International Airport","SIP"
"Ukraine","Zaporizhzhya","Zaporizhia International Airport","OZH"
"Denmark","Aalborg","Aalborg Airport","AAL"
"Denmark","Aarhus","Aarhus Airport","AAR"
"Denmark","Billund","Billund Airport","BLL"
"Denmark","Kobenhavn","Copenhagen Airport","CPH"
"Finland","Helsinki","Helsinki-Vantaa Airport","HEL"
"Finland","Kuopio","Kuopio Airport","KUO"
"Finland","Kuusamo","Kuusamo Airport","KAO"
"Finland","Lappeenranta","Lappeenranta Airport","LPP"
"Finland","Oulu","Oulu Airport","OUL"
"Finland","Rovaniemi","Rovaniemi Airport","RVN"
"Finland","Tampere","Tampere-Pirkkala Airport","TMP"
"Finland","Turku","Turku Airport","TKU"
"Finland","Vaasa","Vaasa Airport","VAA"
"Iceland","Akureyri","Akureyri Airport","AEY"
"Iceland","Reykjavik","Keflavik International Airport","KEF"
"Iceland","Reykjavik","Reykjavik Airport","RKV"
"Norway","Bergen","Bergen Airport","BGO"
"Norway","Haugesund","Haugesund Airport","HAU"
"Norway","Kristiansand","Kristiansand Airport, Kjevik","KRS"
"Norway","Kristiansand","Kristiansund Airport, Kvernberget","KSU"
"Norway","Oslo","Oslo Airport-Gardermoen","OSL"
"Norway","Oslo","Moss Airport","RYG"
"Norway","Oslo","Sandefjord Airport","TRF"
"Norway","Stavanger","Stavanger Airport","SVG"
"Norway","Trondheim","Trondheim Airport","TRD"
"Sweden","Goteborg","Gothenburg City Airport","GSE"
"Sweden","Stockholm","Stockholm-Arlanda Airport","ARN"
"Sweden","Stockholm","Stockholm-Bromma Airport","BMA"
"Sweden","Stockholm","Stockholm-Skavsta Airport","NYO"
"Sweden","Visby","Visby Airport","VBY"
"United Kingdom of Great Britain and Northern Ireland","Birmingham","Birmingham International Airport","BHX"
"United Kingdom of Great Britain and Northern Ireland","Bournemouth","Bournemouth Airport","BOH"
"United Kingdom of Great Britain and Northern Ireland","Bristol","Bristol Airport","BRS"
"United Kingdom of Great Britain and Northern Ireland","Cardiff","Cardiff Airport","CWL"
"United Kingdom of Great Britain and Northern Ireland","Sheffield","Robin Hood Airport Doncaster Sheffield","DSA"
"United Kingdom of Great Britain and Northern Ireland","Middlesbrough","Durham Tees Valley Airport","MME"
"United Kingdom of Great Britain and Northern Ireland","Leicester","East Midlands Airport","EMA"
"United Kingdom of Great Britain and Northern Ireland","Nottingham","East Midlands Airport","EMA"
"United Kingdom of Great Britain and Northern Ireland","Exeter","Exeter International Airport","EXT"
"United Kingdom of Great Britain and Northern Ireland","Bradford","Leeds Bradford International Airport","LBA"
"United Kingdom of Great Britain and Northern Ireland","Liverpool","Liverpool John Lennon Airport","LPL"
"United Kingdom of Great Britain and Northern Ireland","London","London City Airport","LCY"
"United Kingdom of Great Britain and Northern Ireland","London","Gatwick Airport","LGW"
"United Kingdom of Great Britain and Northern Ireland","London","Heathrow Airport","LHR"
"United Kingdom of Great Britain and Northern Ireland","London","Luton Airport","LTN"
"United Kingdom of Great Britain and Northern Ireland","London","Southend Airport","SEN"
"United Kingdom of Great Britain and Northern Ireland","London","Stansted Airport","STN"
"United Kingdom of Great Britain and Northern Ireland","Manchester","Manchester Airport","MAN"
"United Kingdom of Great Britain and Northern Ireland","Newcastle","Newcastle Airport","NCL"
"United Kingdom of Great Britain and Northern Ireland","Newquay","Newquay Cornwall Airport","NQY"
"United Kingdom of Great Britain and Northern Ireland","Norwich","Norwich International Airport","NWI"
"United Kingdom of Great Britain and Northern Ireland","Southampton","Southampton Airport","SOU"
"United Kingdom of Great Britain and Northern Ireland","Aberdeen","Aberdeen Airport","ABZ"
"United Kingdom of Great Britain and Northern Ireland","Edinburgh","Edinburgh Airport","EDI"
"United Kingdom of Great Britain and Northern Ireland","Glasgow","Glasgow International Airport","GLA"
"United Kingdom of Great Britain and Northern Ireland","Glasgow","Glasgow Prestwick Airport","PIK"
"United Kingdom of Great Britain and Northern Ireland","Inverness","Inverness Airport","INV"
"United Kingdom of Great Britain and Northern Ireland","Belfast","Belfast International Airport","BFS"
"United Kingdom of Great Britain and Northern Ireland","Belfast","George Best Belfast City Airport","BHD"
"United Kingdom of Great Britain and Northern Ireland","Derry","City of Derry Airport","LDY"
"Australia","Adelaide","Adelaide Airport","ADL"
"Australia","Brisbane","Brisbane Airport","BNE"
"Australia","Cairns","Cairns Airport","CNS"
"Australia","Canberra","Canberra Airport","CBR"
"Australia","Darwin","Darwin International Airport","DRW"
"Australia","Gold Coast","Gold Coast Airport","OOL"
"Australia","Hobart","Hobart International Airport","HBA"
"Australia","Melbourne","Melbourne Airport","MEL"
"Australia","Perth","Perth Airport","PER"
"Australia","Port Hedland","Port Hedland International Airport","PHE"
"Australia","Sydney","Sydney Airport","SYD"
"Australia","Townsville","Townsville International Airport","TSV"
"Christmas Island","Christmas Island","Christmas Island Airport","XCH"
"Cocos (Keeling) Islands","Cocos (Keeling Islands)","Cocos (Keeling) Islands Airport","CCK"
"Cook Islands","Cook Islands","Rarotonga Airport","RAR"
"Easter Island","Hanga Roa","Mataveri International Airport","IPC"
"Fiji","Nandi","Nadi International Airport","NAN"
"Fiji","Suva","Nausori International Airport","SUV"
"French Polynesia","Papeete","Faa'a International Airport","PPT"
"Guam","HagAtna","Antonio B. Won Pat International Airport","GUM"
"Kiribati","Kiritimati","Cassidy International Airport","CXI"
"Kiribati","Tarawa","Bonriki International Airport","TRW"
"Marshall Islands","Kwajalein","Bucholz Army Airfield","KWA"
"Marshall Islands","Majuro","Marshall Islands International Airport","MAJ"
"Federated States of Micronesia","Chuuk","Chuuk International Airport","TKK"
"Federated States of Micronesia","Kosrae","Kosrae International Airport","KSA"
"Federated States of Micronesia","Pohnpei","Pohnpei International Airport","PNI"
"Federated States of Micronesia","Yap","Yap International Airport","YAP"
"Nauru","Yaren","Nauru International Airport","INU"
"New Caledonia","Noumea","La Tontouta International Airport","NOU"
"New Zealand","Auckland","Auckland Airport","AKL"
"New Zealand","Christchurch","Christchurch International Airport","CHC"
"New Zealand","Dunedin","Dunedin International Airport","DUD"
"New Zealand","Queenstown","Queenstown Airport","ZQN"
"New Zealand","Wellington","Wellington International Airport","WLG"
"Norfolk Island","Norfolk Island","Norfolk Airport","NLK"
"Northern Mariana Islands","Rota Island","Rota International Airport","ROP"
"Northern Mariana Islands","Saipan Island","Saipan International Airport","SPN"
"Northern Mariana Islands","Tinian Island","Tinian International Airport","TIQ"
"Niue","Alofi","Niue International Airport","IUE"
"Palau","Koror","Roman Tmetuchl International Airport","ROR"
"Papua New Guinea","Port Moresby","Jacksons International Airport","POM"
"Samoa","Apia","Faleolo International Airport","APW"
"Solomon Islands","Honiara","Honiara International Airport","HIR"
"Tonga","Nukualofa","Fuaʻamotu International Airport","TBU"
"Tonga","Vava'u","Vava'u International Airport","VAV"
"Tuvalu","Funafuti","Funafuti International Airport","FUN"
"Vanuatu","Luganville","Santo-Pekoa International Airport","SON"
"Vanuatu","Port-Vila","Bauerfield International Airport","VLI"
"Wallis and Futuna Islands","Futuna","Pointe Vele Airport","FUT"
"Wallis and Futuna Islands","Wallis","Hihifo Airport","WLS"
"Sao Tome and Principe","Sao Tome","Sao Tome International Airport","TMS"
"France","St.-Denis","Roland Garros Airport","RUN"
"Algeria","Setif","Ain Arnat Airport","QSF"
"Morocco","Fez","Fes-Saiss Airport","FEZ"
"Morocco","Rabat","Rabat-Sale Airport","RBA"
"Morocco","Laayoune","Hassan I Airport","EUN"
"Madagascar","Tôlanaro","Tolanaro Airport","FTU"
"Cameroon","Yaounde","Nsimalen Airport","NSI"
"Cape Verde","Sal Island","Amilcar Cabral International Airport","SID"
"Cape Verde","Sao Vicente Island","Cesaria Évora Airport","VXE"
"Ca´te d'Ivoire","Abidjan","Port Bouet Airport","ABJ"
"Mauritania","Nouakchott","Nouakchott–Oumtounsynnn International Airport","NKC"
"Senegal","Dakar","Leopold Sedar Senghor International Airport","DKR"
"Togo","Lome","Tokoin Airport","LFW"
"Cuba","Camaguey","Ignacio Agramonte International Airport","CMW"
"Cuba","Cayo Largo del Sur","Vilo Acuna Airport","CYO"
"Cuba","Cienfuegos","Jaime Gonzalez Airport","CFG"
"Cuba","Havana","Jose Marti International Airport","HAV"
"Cuba","Holguin","Frank Pais Airport","HOG"
"Cuba","Santa Clara","Abel Santa Maria Airport","SNU"
"Cuba","Varadero","Juan Gualberto Gomez Airport","VRA"
"Dominican Republic","Barahona","Maria Montez International Airport","BRX"
"Dominican Republic","Samana","Samana El Catey International Airport","AZS"
"Dominican Republic","San Felipe de Puerto Plata","Gregorio Luperon International Airport","POP"
"Dominican Republic","Santo Domingo","Las Americas International Airport","SDQ"
"Guadeloupe","Pointe-a-Pitre","Pôle Caraibes International Airport","PTP"
"Haiti","Cap-Haitien","Hugo Chavez International Airport","CAP"
"Martinique","Fort-de-France","Martinique Aime Cesaire International Airport","FDF"
"Puerto Rico","Aguadilla","Rafael Hernandez Airport","BQN"
"Puerto Rico","San Juan","Luis Munoz Marin International Airport","SJU"
"Costa Rica","Liberia","Daniel Oduber Quiros International Airport","LIR"
"Costa Rica","San Jose","Juan Santamaria International Airport","SJO"
"El Salvador","San Salvador","Monsenor oscar Arnulfo Romero International Airport","SAL"
"Honduras","La Ceiba","Goloson International Airport","LCE"
"Honduras","Roatan","Juan Manuel Galvez International Airport","RTB"
"Honduras","San Pedro Sula","Ramon Villeda Morales International Airport","SAP"
"Panama","Bocas del Toro","Bocas del Toro Isla Colon International Airport","BOC"
"Panama","David","Enrique Malek International Airport","DAV"
"Mexico","Aguascalientes","Lic. Jesus Teran Peredo International Airport","AGU"
"Mexico","Cancun","Cancun International Airport","CUN"
"Mexico","Culiacan","Federal de Bachigualato International Airport","CUL"
"Mexico","Huatulco","Bahias de Huatulco International Airport","HUX"
"Mexico","Leon","Del Bajio International Airport","BJX"
"Mexico","Mazatlan","General Rafael Buelna International Airport","MZT"
"Mexico","Merida","Manuel Crescencio Rejon International Airport","MID"
"Mexico","Oaxaca","Xoxocotlan International Airport","OAX"
"Mexico","Puebla","Hermanos Serdan International Airport","PBC"
"Mexico","Puerto Vallarta","Lic. Gustavo Diaz Ordaz International Airport","PVR"
"Mexico","Queretaro","Queretaro Intercontinental Airport","QRO"
"Mexico","San Luis Potosi","Ponciano Arriaga International Airport","SLP"
"Mexico","Tijuana","Gral. Abelardo L. Rodriguez International Airport","TIJ"
"Mexico","Toluca","Lic. Adolfo Lopez Mateos International Airport","TLC"
"Mexico","Torreon","Francisco Sarabia International Airport","TRC"
"Mexico","Villahermosa","Carlos Rovirosa Perez International Airport","VSA"
"United States of America","Akron","Akron–Canton Airport","CAK"
"Argentina","Cordoba","Ingeniero Ambrosio L.V. Taravella International Airport","COR"
"Argentina","Puerto Iguazu","Cataratas del Iguazu International Airport","IGR"
"Argentina","Rio Gallegos","Piloto Civil N. Fernandez International Airport","RGL"
"Brazil","Belem","Val de Caes International Airport","BEL"
"Brazil","Cuiaba","Marechal Rondon International Airport","CGB"
"Brazil","Florianopolis","Hercilio Luz International Airport","FLN"
"Brazil","Goiania","Santa Genoveva Airport","GYN"
"Brazil","Joao Pessoa","Presidente Castro Pinto International Airport","JPA"
"Brazil","Maceio","Zumbi dos Palmares International Airport","MCZ"
"Brazil","Rio de Janeiro","Rio de Janeiro-Galeao International Airport","GIG"
"Brazil","Salvador","Deputado Luis Eduardo Magalhaes International Airport","SSA"
"Brazil","Sao Luis","Marechal Cunha Machado International Airport","SLZ"
"Brazil","Sao Paulo","Sao Paulo-Guarulhos International Airport","GRU"
"Brazil","Sao Paulo","Congonhas Airport","CGH"
"Brazil","Vitoria","Eurico de Aguiar Salles Airport","VIX"
"Chile","Concepcion","Carriel Sur International Airport","CCP"
"Chile","Punta Arenas","Presidente Carlos Ibanez del Campo International Airport","PUQ"
"Chile","Santiago de Chile","Comodoro Arturo Merino Benitez International Airport","SCL"
"Colombia","Armenia","El Eden International Airport","AXM"
"Colombia","Bogota","El Dorado International Airport","BOG"
"Colombia","Cartagena","Rafael Nunez International Airport","CTG"
"Colombia","Cucuta","Camilo Daza International Airport","CUC"
"Colombia","Leticia","Alfredo Vasquez Cobo International Airport","LET"
"Colombia","Medellin","Jose Maria Cordova International Airport","MDE"
"Colombia","Pereira","Matecana International Airport","PEI"
"Colombia","San Andres","Gustavo Rojas Pinilla International Airport","ADZ"
"Colombia","Santa Marta","Simon Bolivar International Airport","SMR"
"Ecuador","Guayaquil","Jose Joaquin de Olmedo International Airport","GYE"
"Ecuador","Tulcan","Teniente Coronel Luis a Mantilla International Airport","TUA"
"Paraguay","Asuncion","Silvio Pettirossi International Airport","ASU"
"Paraguay","Ciudad del Este","Guarani International Airport","AGT"
"Peru","Arequipa","Rodriguez Ballon International Airport","AQP"
"Peru","Lima","Jorge Chavez International Airport","LIM"
"Venezuela (Bolivarian Republic of)","Caracas","Simon Bolivar International Airport","CCS"
"Philippines","Bacolod","Bacolod–Silay International Airport","BCD"
"Philippines","Lapu-Lapu, Philippines","Mactan–Cebu International Airport","CEB"
"Viet Nam","Hue","Phu Bai International Airport","HUI"
"Viet Nam","Khanh Hoa","Cam Ranh International Airport","CXR"
"Viet Nam","Quang Nam","Chu Lai International Airport","VCL"
"Portugal","Porto","Francisco Sa Carneiro Airport","OPO"
"Portugal","Ponta Delgada","Joao Paulo II Airport","PDL"
"Spain","A Coruna","Alvedro Airport","LCG"
"Spain","Almeria","Almeria International Airport","LEI"
"Spain","Malaga","Malaga Airport","AGP"
"Germany","Berlin","Berlin Schönefeld Airport","SXF"
"Germany","Dusseldorf","Dusseldorf Airport","DUS"
"Germany","Freiburg","EuroAirport Basel–Mulhouse–Freiburg","MLH"
"Germany","Freiburg","EuroAirport Basel–Mulhouse–Freiburg","BSL"
"Germany","Freiburg","EuroAirport Basel–Mulhouse–Freiburg","EAP"
"Germany","Lubeck","Lubeck Airport","LBC"
"Germany","Nuremberg","Albrecht Durer Airport","NUE"
"Switzerland","Basel","EuroAirport Basel–Mulhouse–Freiburg","BSL"
"Poland","Gdansk","Gdansk Lech Walęsa Airport","GDN"
"Poland","Krakow","John Paul II International Airport Krakow-Balice","KRK"
"Poland","Lodz","Lodz Wladyslaw Reymont Airport","LCJ"
"Poland","Poznan","Poznan Lawica Airport","POZ"
"Poland","Rzeszow","Rzeszow-Jasionka Airport","RZE"
"Poland","Szczecin","Szczecin-Goleniow Solidarność Airport","SZZ"
"Poland","Warsaw","Frederic Chopin Airport","WAW"
"Poland","Wroclaw","Copernicus Airport Wroclaw","WRO"
"Romania","Constanta","Mihail Kogălniceanu International Airport","CND"
"Romania","Iasi","Iasi International Airport","IAS"
"Romania","Timisoara","Traian Vuia International Airport","TSR"
"Albania","Tirana","Tirana International Airport Nënë Tereza","TIA"
"Croatia","Zagreb","Franjo Tuđman Airport","ZAG"
"Czechia","Brno","Brno-Tuřany Airport","BRQ"
"Czechia","Ostrava","Leos Janacek Ostrava Airport","OSR"
"Czechia","Prague","Prague Vaclav Havel Airport","PRG"
"Hungary","Heviz","Heviz-Balaton Airport","SOB"
"Hungary","Gyor","Gyor-Per International Airport","QGY"
"Hungary","Pecs","Pecs-Pogany International Airport","QPJ"
"Lithuania","Siauliai","Siauliai International Airport","SQQ"
"Republic of Moldova","Chisinau","Chisinău International Airport","KIV"
"Serbia","Nis","Nis Constantine the Great Airport","INI"
"Slovakia","Bratislava","M. R. Stefanik Airport","BTS"
"Slovakia","Kosice","Kosice International Airport","KSC"
"Slovakia","Piestany","Piestany Airport","PZY"
"Slovakia","Sliac","Sliac Airport","SLD"
"Slovakia","Zilina","Zilina Airport","ILZ"
"Slovenia","Ljubljana","Ljubljana Joze Pucnik Airport","LJU"
"Slovenia","Portoroz","Portoroz Airport","POW"
"Turkey","Adana","sakirpasa Airport","ADA"
"Turkey","Ankara","Esenboğa International Airport","ESB"
"Turkey","Bursa","Yenisehir Airport","YEI"
"Turkey","Gaziantep","Oğuzeli Airport","GZT"
"Turkey","Istanbul","Ataturk International Airport","IST"
"Turkey","Istanbul","Sabiha Gökçen International Airport","SAW"
"Turkey","Izmir","Adnan Menderes Airport","ADB"
"Turkey","Kutahya","Zafer Airport","KZR"
"Turkey","Malatya","Erhaç Airport","MLX"
"Turkey","Nevsehir","Kapadokya Airport","NAV"
"Turkey","Samsun","Samsun-Çarsamba Airport","SZF"
"Faroe Islands","Vagar","Vagar Airport","FAE"
"Finland","Aland","Mariehamn Airport (Aland)","MHQ"
"Finland","Kittila","Kittila Airport","KTT"
"Norway","Alesund","Alesund Airport","AES"
"Norway","Bodo","Bodo Airport","BOO"
"Norway","Tromso","Tromso Airport","TOS"
"Sweden","Goteborg","Göteborg Landvetter Airport","GOT"
"Sweden","Lulea","LuleA Airport","LLA"
"Sweden","Malmo","Malmö Airport","MMX"
"Sweden","Norrkoping","Norrköping Airport","NRK"
"Sweden","Ostersund","Are Östersund Airport","OSD"
"Sweden","Stockholm","Stockholm-VasterAs Airport","VST"
"Sweden","Umea","UmeA Airport","UME"
"Sweden","Vaxjo","Vaxjö Airport","VXO"